Date,SALM,YAR,NAS,DNO
13.12.13,75.00,261.10,190.35652,22.4908
16.12.13,74.25,265.80,183.67909,22.89063
17.12.13,74.00,264.40,184.27707,22.46081
18.12.13,73.25,254.60,191.35315,22.50079
19.12.13,72.50,255.00,189.26023,22.68072
20.12.13,73.00,254.00,190.85484,23.2205
23.12.13,73.25,260.00,192.34978,24.47998
27.12.13,72.75,264.00,191.05416,24.21009
30.12.13,74.00,261.00,187.56595,24.1901
02.01.14,74.50,258.90,187.86494,24.86982
03.01.14,74.00,262.10,196.6353,24.9398
06.01.14,73.50,259.40,196.33631,24.53996
07.01.14,74.25,257.30,194.44271,24.45999
08.01.14,73.25,259.30,210.28914,24.36003
09.01.14,72.25,263.30,211.18611,24.87982
10.01.14,72.25,265.60,214.27567,24.73988
13.01.14,74.00,262.00,221.45141,24.6899
14.01.14,77.00,259.20,219.75714,24.6899
15.01.14,76.50,264.30,227.1322,24.41001
16.01.14,78.25,264.60,223.24534,22.79067
17.01.14,78.75,265.90,213.47836,22.44082
20.01.14,78.75,265.10,217.36522,22.22091
21.01.14,79.75,266.60,218.26219,22.16093
22.01.14,79.50,267.50,216.86691,22.59076
23.01.14,79.00,270.10,214.176,21.49121
24.01.14,78.00,264.90,211.68442,20.79149
27.01.14,78.00,263.10,214.67432,20.02181
28.01.14,77.50,262.90,214.37533,20.32169
29.01.14,77.50,257.20,207.89723,20.26171
30.01.14,78.00,258.20,209.09318,20.72152
31.01.14,76.75,259.00,203.21306,20.37166
03.02.14,77.50,258.70,203.81104,20.5416
04.02.14,77.50,257.30,199.42586,20.5216
05.02.14,77.00,255.50,197.93092,21.11136
06.02.14,75.50,261.50,220.25545,21.5012
07.02.14,77.50,262.10,223.24534,21.33127
10.02.14,76.25,264.10,228.2285,21.31128
11.02.14,73.50,268.10,229.52412,21.97101
12.02.14,73.00,250.00,238.19481,21.59117
13.02.14,71.75,244.60,252.14764,21.94102
14.02.14,72.50,246.20,248.7591,22.01099
17.02.14,72.00,239.20,251.84865,23.51038
18.02.14,72.50,241.30,259.12406,22.2309
19.02.14,72.25,241.50,251.15101,22.03099
20.02.14,72.75,246.60,250.25404,23.9602
21.02.14,73.75,247.10,252.64596,24.52996
24.02.14,73.00,248.10,251.35034,24.6899
25.02.14,72.25,243.60,257.62911,24.35004
26.02.14,74.00,243.80,258.12743,24.15012
27.02.14,76.50,242.60,257.42979,24.28007
28.02.14,77.75,243.40,257.1308,24.57994
03.03.14,76.25,251.10,253.94158,24.1901
04.03.14,77.00,250.80,263.30991,24.74987
05.03.14,76.75,251.00,264.70519,24.65991
06.03.14,77.00,255.20,261.01766,23.49039
07.03.14,77.50,252.80,250.35371,23.65032
10.03.14,77.75,253.00,245.17123,22.99059
11.03.14,78.25,252.30,243.17796,23.32046
12.03.14,78.50,246.50,242.281,22.41083
13.03.14,77.25,242.90,243.67628,21.81108
14.03.14,75.75,241.50,239.49043,21.91103
17.03.14,77.00,243.40,241.48369,22.4808
18.03.14,77.25,246.10,243.37729,22.19092
19.03.14,77.25,248.00,245.56988,22.76069
20.03.14,77.25,250.60,240.28773,22.16093
21.03.14,78.50,252.20,243.37729,22.54078
24.03.14,78.50,253.50,237.09851,22.09096
25.03.14,79.50,256.00,245.37055,22.2309
26.03.14,83.50,260.00,253.14427,22.05098
27.03.14,82.50,258.30,251.64933,22.38084
28.03.14,84.25,261.20,250.35371,23.4604
31.03.14,85.75,264.60,252.24731,22.84065
01.04.14,86.25,263.00,249.15775,22.70071
02.04.14,85.75,260.00,250.15438,22.70071
03.04.14,84.00,260.10,247.96179,22.27089
04.04.14,83.25,260.00,253.44326,22.66073
07.04.14,83.00,258.70,252.04798,22.19092
08.04.14,82.25,258.90,240.78605,21.10137
09.04.14,81.50,262.10,244.1746,21.85106
10.04.14,82.00,261.70,244.37392,21.67113
11.04.14,80.50,255.00,234.20829,20.69153
14.04.14,81.75,262.60,231.01907,19.35208
15.04.14,80.50,265.40,227.33153,19.26212
16.04.14,81.50,272.30,227.03254,19.97183
22.04.14,84.25,272.10,239.09178,20.64155
23.04.14,83.00,270.20,237.29784,19.98182
24.04.14,83.50,271.50,231.41772,19.7919
25.04.14,83.50,271.20,227.43119,19.60198
28.04.14,84.00,272.50,225.5376,19.8019
29.04.14,84.75,266.60,228.02917,20.20173
30.04.14,86.00,280.60,235.20492,20.60157
02.05.14,85.25,280.00,234.30795,22.03099
05.05.14,83.75,278.80,234.7066,22.06097
06.05.14,84.25,269.40,244.1746,21.53119
07.05.14,86.00,270.00,242.18133,21.54119
08.05.14,85.50,275.50,244.07493,21.11136
09.05.14,85.25,273.90,247.6628,22.53078
12.05.14,87.25,280.00,238.99211,22.20092
13.05.14,87.50,278.50,238.39414,21.83107
14.05.14,90.00,276.70,236.69986,22.52079
15.05.14,91.50,275.40,230.22176,21.55118
16.05.14,90.00,280.80,227.82985,20.99141
19.05.14,90.00,282.60,237.89582,21.12136
20.05.14,90.50,280.10,238.89245,21.05139
21.05.14,92.50,276.60,239.19144,21.11136
22.05.14,93.00,278.60,239.2911,22.51079
23.05.14,93.50,278.00,243.67628,22.52079
26.05.14,92.75,277.80,244.67291,21.93103
27.05.14,93.00,277.20,245.47022,21.62115
28.05.14,93.50,273.70,247.36381,21.61116
30.05.14,95.00,273.00,247.76247,21.67113
02.06.14,96.50,277.90,243.67628,22.07097
03.06.14,97.00,279.70,237.79616,21.68113
04.06.14,98.00,279.70,234.50727,21.62115
05.06.14,90.75,280.30,239.68976,22.89063
06.06.14,90.75,292.70,245.56988,23.49039
10.06.14,90.00,298.00,243.97527,23.69031
11.06.14,92.50,300.50,236.69986,22.29088
12.06.14,93.75,299.60,235.70323,21.73111
13.06.14,94.00,302.20,228.62715,21.7511
16.06.14,93.50,299.00,222.74703,21.2513
17.06.14,97.25,295.00,219.75714,20.99141
18.06.14,101.00,308.00,216.46825,20.80149
19.06.14,103.00,309.10,215.2723,21.2613
20.06.14,103.00,305.10,210.28914,22.35085
23.06.14,105.00,307.50,210.3888,22.34086
24.06.14,106.00,306.70,211.68442,21.88105
25.06.14,106.50,305.20,204.11003,21.31128
26.06.14,106.50,305.80,199.92418,21.2713
27.06.14,106.50,306.80,199.42586,22.63074
30.06.14,107.00,307.30,200.72148,23.58035
01.07.14,108.50,309.90,198.72822,24.18011
02.07.14,109.50,302.20,204.80767,24.33004
03.07.14,111.50,307.10,206.30262,24.31005
04.07.14,112.00,310.00,213.87701,24.09014
07.07.14,113.00,308.50,212.78072,23.65032
08.07.14,116.50,306.20,205.30599,22.79067
09.07.14,116.00,306.50,202.81441,22.77068
10.07.14,113.00,295.00,201.02047,21.84106
11.07.14,111.50,295.50,201.41913,22.18092
14.07.14,114.00,299.40,199.92418,22.19092
15.07.14,115.50,296.30,197.4326,22.28088
16.07.14,118.00,296.60,206.30262,22.9706
17.07.14,118.00,294.10,195.33968,22.36085
18.07.14,118.00,287.50,193.34641,22.22091
21.07.14,120.00,294.10,190.05753,22.21091
22.07.14,122.50,294.80,191.95113,22.13094
23.07.14,122.00,296.40,195.24001,22.06097
24.07.14,123.50,296.60,194.44271,21.7511
25.07.14,123.50,298.30,191.85147,21.69112
28.07.14,122.50,292.00,194.34305,21.79108
29.07.14,123.00,292.90,190.05753,21.65114
30.07.14,122.00,292.00,196.03732,21.44123
31.07.14,123.00,288.10,190.35652,21.17134
01.08.14,122.50,288.40,183.47977,20.99141
04.08.14,121.50,290.90,175.50672,18.89227
05.08.14,122.50,292.50,179.39358,19.16216
06.08.14,121.00,286.30,182.18415,18.3325
07.08.14,110.00,288.30,180.29055,16.60321
08.08.14,107.00,283.00,178.49661,17.46285
11.08.14,109.00,293.90,184.37674,18.01263
12.08.14,107.50,291.40,188.2636,16.99305
13.08.14,104.50,292.80,192.25012,15.96347
14.08.14,104.50,296.70,195.33968,17.28293
15.08.14,106.00,297.00,200.72148,18.19256
18.08.14,106.00,300.90,197.33294,19.08219
19.08.14,108.00,303.10,196.23664,18.90227
20.08.14,109.50,303.10,197.33294,19.08219
21.08.14,112.00,308.00,195.93765,19.09219
22.08.14,111.00,306.70,197.53226,18.87228
25.08.14,112.50,309.20,202.81441,18.88227
26.08.14,118.50,317.20,208.49521,19.63197
27.08.14,115.50,319.20,210.28914,19.16216
28.08.14,114.50,312.40,207.29925,18.99223
29.08.14,115.00,311.00,204.80767,18.67236
01.09.14,114.50,311.00,207.29925,18.98223
02.09.14,113.50,309.00,212.08308,19.69194
03.09.14,115.00,309.30,212.88038,19.68195
04.09.14,117.50,311.10,227.73018,19.59198
05.09.14,115.50,309.10,224.24198,19.14217
08.09.14,114.00,310.70,228.42783,19.34209
09.09.14,111.00,309.20,230.72008,20.38166
10.09.14,112.00,304.30,226.73355,20.10178
11.09.14,111.00,306.20,230.1221,19.87187
12.09.14,110.00,306.70,227.92951,20.09178
15.09.14,111.50,306.00,224.34164,19.72193
16.09.14,113.00,308.50,218.66084,19.81189
17.09.14,114.00,312.90,223.84332,19.94184
18.09.14,114.00,312.00,229.0258,20.66155
19.09.14,114.50,311.10,222.74703,20.55159
22.09.14,113.50,312.90,223.644,20.06179
23.09.14,110.00,325.00,217.06623,19.88186
24.09.14,111.50,319.00,213.67769,19.72193
25.09.14,112.50,318.50,214.27567,19.552
26.09.14,112.50,317.00,220.95309,19.50202
29.09.14,111.00,318.70,219.95646,19.89186
30.09.14,113.50,322.60,223.34501,20.09178
01.10.14,113.50,318.60,222.84669,19.71193
02.10.14,107.50,309.40,214.07634,18.50243
03.10.14,108.00,312.20,224.24198,18.77232
06.10.14,109.50,315.00,208.69453,18.25253
07.10.14,108.50,304.50,193.34641,16.8631
08.10.14,108.50,304.00,193.14709,16.97306
09.10.14,106.00,301.00,187.66562,16.20337
10.10.14,106.00,297.00,186.56932,15.30374
13.10.14,105.50,302.50,186.27033,15.23377
14.10.14,108.50,300.20,197.23327,15.62361
15.10.14,107.50,297.00,198.32957,14.674
16.10.14,104.00,293.50,194.44271,13.90431
17.10.14,108.50,302.90,204.30936,14.98387
20.10.14,111.50,302.70,216.26893,14.36412
21.10.14,115.00,309.90,217.36522,15.49366
22.10.14,121.00,307.60,219.65747,15.8935
23.10.14,120.50,303.60,214.37533,15.67359
24.10.14,121.00,302.10,217.26556,15.75355
27.10.14,120.00,300.50,220.25545,15.1538
28.10.14,120.50,305.40,217.66421,15.34372
29.10.14,120.00,305.20,220.25545,16.52324
30.10.14,119.00,308.30,220.05612,16.49325
31.10.14,121.50,309.70,216.86691,16.39329
03.11.14,124.00,307.10,228.02917,16.58321
04.11.14,125.50,305.20,220.35511,15.82353
05.11.14,126.50,311.00,222.24871,16.22336
06.11.14,126.50,314.90,234.00896,16.68317
07.11.14,124.00,316.00,229.32479,17.21296
10.11.14,126.00,315.30,232.813,19.81189
11.11.14,128.50,316.30,240.68639,18.74233
12.11.14,126.00,315.10,237.79616,18.61238
13.11.14,127.50,316.50,237.49717,17.56281
14.11.14,126.00,313.40,236.79953,18.01263
17.11.14,127.50,317.10,236.99885,17.52283
18.11.14,123.50,322.70,238.99211,17.53283
19.11.14,127.00,322.70,236.89919,17.8327
20.11.14,125.00,321.30,237.99548,17.99264
21.11.14,127.00,319.70,237.3975,18.35249
24.11.14,129.00,319.30,239.68976,18.23254
25.11.14,129.00,317.80,247.16449,18.29252
26.11.14,124.00,313.70,245.17123,18.15257
27.11.14,120.50,311.80,249.75573,17.103
28.11.14,120.50,298.30,263.80823,16.04344
01.12.14,122.00,302.70,257.1308,15.77355
02.12.14,124.00,308.00,258.12743,17.99264
03.12.14,123.00,310.60,267.19677,17.14299
04.12.14,120.00,307.50,283.54152,16.26335
05.12.14,123.00,310.40,273.97386,16.39329
08.12.14,121.00,306.70,272.17993,15.1438
09.12.14,119.00,305.00,271.48228,14.92389
10.12.14,120.50,314.70,280.75095,15.01386
11.12.14,120.00,307.60,281.54826,14.68399
12.12.14,118.00,309.60,279.25601,13.89431
15.12.14,119.00,305.90,279.05668,13.47449
16.12.14,112.00,307.00,253.84192,13.13463
17.12.14,115.00,311.00,263.11058,14.87391
18.12.14,115.00,323.30,265.00418,15.99346
19.12.14,118.50,331.30,266.39947,16.24335
22.12.14,123.50,332.60,266.99744,16.76314
23.12.14,127.50,340.00,273.17656,16.6232
29.12.14,127.50,336.00,273.17656,16.66318
30.12.14,127.50,333.80,275.26948,15.97346
02.01.15,130.00,337.90,282.84388,16.19337
05.01.15,128.50,339.50,285.03647,15.30374
06.01.15,130.00,350.50,294.00615,15.59362
07.01.15,129.00,357.40,295.99941,16.04344
08.01.15,132.00,378.20,294.00615,16.58321
09.01.15,132.50,393.50,294.80345,16.00345
12.01.15,134.00,394.80,296.2984,15.02385
13.01.15,134.00,397.60,306.46403,15.32373
14.01.15,133.00,393.80,292.21221,15.09382
15.01.15,129.00,387.50,287.42838,15.68358
16.01.15,128.50,387.90,285.53478,15.59362
19.01.15,132.50,395.80,288.724,15.73356
20.01.15,131.50,396.30,302.37785,15.26375
21.01.15,129.50,396.00,298.9893,16.19337
22.01.15,117.00,395.90,301.97919,16.79313
23.01.15,117.00,405.20,299.98593,16.64319
26.01.15,117.50,402.30,302.47751,16.72316
27.01.15,114.50,403.00,302.97582,16.74315
28.01.15,116.50,411.80,306.96235,16.99305
29.01.15,118.50,407.00,315.13472,17.01304
30.01.15,119.50,402.70,302.97582,16.99305
02.02.15,118.00,398.80,287.72737,17.64278
03.02.15,112.50,390.00,284.03984,18.29252
04.02.15,112.50,385.50,292.21221,17.46285
05.02.15,114.50,388.60,292.31187,17.73274
06.02.15,114.00,384.30,288.32535,16.55323
09.02.15,112.00,385.40,276.5651,16.72316
10.02.15,113.50,391.60,276.26611,15.98346
11.02.15,111.00,411.50,269.38936,15.35372
12.02.15,115.00,411.00,243.57662,15.78354
13.02.15,113.50,417.60,233.80963,16.22336
16.02.15,114.50,418.60,227.92951,16.17338
17.02.15,111.50,415.70,238.19481,15.62361
18.02.15,112.50,424.00,239.19144,14.39411
19.02.15,108.50,430.40,235.20492,13.83434
20.02.15,111.50,430.70,234.00896,14.11422
23.02.15,114.00,434.10,245.17123,13.52447
24.02.15,114.00,431.30,239.19144,13.81435
25.02.15,114.50,435.60,239.39077,15.01386
26.02.15,122.50,424.00,237.69649,14.73397
27.02.15,125.50,422.00,232.41435,14.97387
02.03.15,126.00,425.30,216.76724,14.59403
03.03.15,123.50,427.70,215.57129,14.53405
04.03.15,123.00,416.00,215.96994,14.88391
05.03.15,123.00,423.20,224.04265,15.05384
06.03.15,124.00,419.50,226.93288,14.85392
09.03.15,124.00,416.90,232.11536,14.71398
10.03.15,122.00,414.50,218.36185,12.81
11.03.15,124.50,425.10,233.21165,12.01
12.03.15,124.00,428.20,225.23861,12.44
13.03.15,124.50,427.60,227.63052,11.77
16.03.15,121.50,435.50,231.21839,11.20
17.03.15,118.50,432.10,230.32142,11.60
18.03.15,121.50,431.90,237.79616,11.93
19.03.15,118.00,424.40,246.16786,12.28
20.03.15,124.50,420.50,240.58672,12.70
23.03.15,123.00,414.50,237.89582,12.62
24.03.15,125.00,413.00,239.2911,11.77
25.03.15,117.00,415.00,239.19144,11.54
26.03.15,114.50,407.10,231.71671,11.46
27.03.15,114.00,409.90,239.2911,11.33
30.03.15,116.00,415.70,236.69986,11.15
31.03.15,116.00,410.00,239.19144,10.55
01.04.15,117.00,415.00,239.98874,10.16
07.04.15,120.00,426.80,248.16112,11.40
08.04.15,120.00,425.00,244.77257,11.57
09.04.15,120.00,429.80,246.66617,11.50
10.04.15,120.00,435.30,285.43512,12.29
13.04.15,120.50,443.00,281.04994,12.60
14.04.15,118.00,434.50,289.32198,12.61
15.04.15,118.00,424.70,284.33882,13.00
16.04.15,118.50,425.50,296.49772,12.94
17.04.15,118.00,416.30,286.8304,12.63
20.04.15,118.00,413.90,295.99941,12.95
21.04.15,120.50,419.20,305.66673,13.30
22.04.15,120.00,413.50,307.85932,13.27
23.04.15,119.50,413.50,292.01288,14.10
24.04.15,125.00,404.00,294.90311,14.27
27.04.15,128.00,397.10,289.62097,13.79
28.04.15,123.50,392.90,280.05331,13.90
29.04.15,120.50,385.50,309.45393,13.00
30.04.15,122.50,386.40,314.9354,14.15
04.05.15,119.50,394.60,316.92866,13.93
05.05.15,120.00,391.90,316.82899,14.11
06.05.15,118.00,390.50,308.15831,13.93
07.05.15,116.50,391.40,312.14483,12.86
08.05.15,116.00,401.80,325.89834,12.21
11.05.15,118.00,405.40,328.88823,12.05
12.05.15,115.00,381.10,320.11788,11.74
13.05.15,117.50,387.00,315.93203,12.12
15.05.15,118.00,395.00,318.82226,11.66
18.05.15,119.50,392.50,318.92192,12.30
19.05.15,119.50,393.30,319.02158,11.88
20.05.15,122.00,390.30,314.03843,11.78
21.05.15,123.00,390.50,304.47077,12.10
22.05.15,124.00,390.60,298.78997,11.90
26.05.15,123.00,391.00,297.39469,11.44
27.05.15,122.50,390.20,298.9893,11.15
28.05.15,124.00,391.20,306.46403,10.91
29.05.15,126.00,392.20,300.8829,11.01
01.06.15,124.50,389.00,301.48088,10.94
02.06.15,125.00,384.60,310.15157,10.79
03.06.15,117.00,387.20,316.82899,11.05
04.06.15,116.00,381.40,324.20406,10.65
05.06.15,117.00,379.30,321.91181,10.87
08.06.15,117.00,379.40,316.92866,11.24
09.06.15,116.50,374.30,308.95561,10.88
10.06.15,116.50,371.90,305.86605,11.08
11.06.15,117.50,377.90,314.63641,11.25
12.06.15,116.50,370.60,313.63978,10.88
15.06.15,116.00,365.70,304.76976,10.57
16.06.15,114.50,370.70,305.96572,10.43
17.06.15,113.50,377.50,307.85932,10.64
18.06.15,113.50,375.60,303.27481,10.45
19.06.15,113.00,381.50,313.93877,10.53
22.06.15,116.50,392.90,319.22091,10.63
23.06.15,119.00,403.20,316.53001,11.07
24.06.15,118.00,403.60,318.22428,11.19
25.06.15,116.00,411.00,320.71586,11.14
26.06.15,118.00,421.70,322.70912,10.93
29.06.15,115.50,407.10,319.22091,10.50
30.06.15,115.00,408.40,323.80541,10.36
01.07.15,115.50,411.10,326.39665,10.48
02.07.15,116.00,411.10,327.69227,10.45
03.07.15,117.00,412.50,322.90844,10.25
06.07.15,115.50,407.10,322.90844,9.79
07.07.15,114.50,406.00,326.89497,9.27
08.07.15,115.50,395.10,311.9455,9.375
09.07.15,119.00,406.70,318.4236,9.52
10.07.15,121.50,409.50,331.6788,9.72
13.07.15,123.00,411.60,338.45589,9.63
14.07.15,122.00,403.30,346.03028,9.665
15.07.15,122.00,406.30,343.8377,9.35
16.07.15,125.00,408.30,346.03028,9.42
17.07.15,125.50,401.30,345.83096,9.245
20.07.15,125.00,408.10,348.12321,9.075
21.07.15,125.00,411.00,347.92388,9.095
22.07.15,124.50,422.90,350.61479,8.855
23.07.15,123.50,425.60,348.82085,8.605
24.07.15,126.00,427.50,344.83433,8.55
27.07.15,123.00,408.60,330.38318,7.96
28.07.15,125.00,404.80,338.1569,7.76
29.07.15,126.50,413.00,338.35622,7.79
30.07.15,127.50,409.40,338.1569,8.225
31.07.15,129.00,406.60,351.21276,7.595
03.08.15,129.50,408.10,370.14875,8.60
04.08.15,130.50,404.20,366.46122,9.08
05.08.15,131.00,412.30,375.13191,9.07
06.08.15,131.50,406.90,369.84976,8.335
07.08.15,133.00,403.40,373.83629,8.30
10.08.15,134.50,403.00,375.63022,8.18
11.08.15,133.50,387.00,368.45448,8.015
12.08.15,131.50,382.70,365.66391,8.05
13.08.15,134.50,386.00,366.85987,8.005
14.08.15,133.00,380.90,357.09289,7.73
17.08.15,133.00,381.00,364.66728,7.92
18.08.15,137.00,386.00,373.23831,7.72
19.08.15,138.00,379.90,371.6437,7.39
20.08.15,134.50,374.30,358.78716,7.635
21.08.15,129.00,369.90,356.39525,7.60
24.08.15,123.50,351.90,342.14342,7.055
25.08.15,126.00,360.00,355.59794,7.50
26.08.15,123.00,360.10,354.80064,7.55
27.08.15,121.50,367.60,362.57436,8.57
28.08.15,122.50,365.70,360.38177,9.035
31.08.15,126.00,369.30,370.74673,9.525
01.09.15,122.50,353.80,362.87335,9.48
02.09.15,122.00,346.10,365.76358,9.195
03.09.15,125.00,354.50,378.22146,9.53
04.09.15,123.00,351.10,369.94943,9.12
07.09.15,123.50,349.60,365.76358,9.15
08.09.15,124.50,355.80,370.54741,9.015
09.09.15,128.00,358.80,373.03898,9.265
10.09.15,126.00,354.30,366.76021,9.07
11.09.15,129.50,348.90,365.86324,8.76
14.09.15,130.00,344.00,357.98986,8.725
15.09.15,129.50,344.60,360.18244,8.985
16.09.15,134.00,347.40,359.88345,9.035
17.09.15,134.50,349.90,358.28884,9.20
18.09.15,134.00,343.90,343.33938,8.995
21.09.15,131.00,344.30,339.95083,9.055
22.09.15,130.00,337.80,324.90171,8.92
23.09.15,130.00,336.40,328.48958,8.94
24.09.15,131.50,320.40,325.10103,8.765
25.09.15,134.50,334.00,335.16701,8.80
28.09.15,133.50,334.30,328.78857,8.485
29.09.15,133.50,336.60,323.00811,8.635
30.09.15,134.50,339.50,331.87812,9.01
01.10.15,136.00,341.40,337.16027,9.445
02.10.15,134.50,339.50,349.71782,9.87
05.10.15,140.50,344.10,355.79727,10.39
06.10.15,141.50,350.00,344.83433,10.37
07.10.15,137.50,348.30,328.38991,10.78
08.10.15,134.50,347.50,326.7953,10.39
09.10.15,134.50,355.10,324.90171,10.01
12.10.15,137.00,350.20,325.89834,9.255
13.10.15,137.00,345.10,335.36633,9.02
14.10.15,133.50,342.00,334.86802,8.97
15.10.15,130.00,354.30,334.27004,9.59
16.10.15,125.50,350.30,343.04039,9.20
19.10.15,126.00,354.50,346.82759,8.86
20.10.15,131.00,357.00,352.30906,9.20
21.10.15,134.00,370.60,347.3259,8.85
22.10.15,133.00,379.80,319.61956,8.90
23.10.15,134.00,380.50,307.46066,8.90
26.10.15,134.00,377.50,310.94887,8.59
27.10.15,133.50,372.80,310.94887,8.155
28.10.15,138.00,384.30,305.16841,8.78
29.10.15,140.00,385.80,307.46066,8.49
30.10.15,139.00,385.70,311.24786,8.52
02.11.15,142.00,391.90,311.44719,8.805
03.11.15,140.50,394.80,316.92866,9.03
04.11.15,140.00,400.20,315.63304,9.165
05.11.15,141.50,395.60,327.09429,8.81
06.11.15,139.00,391.80,325.49968,8.55
09.11.15,140.00,389.40,317.42697,8.72
10.11.15,143.50,398.90,309.95224,8.88
11.11.15,142.00,405.00,312.54348,8.73
12.11.15,143.50,399.60,308.95561,8.56
13.11.15,141.00,401.60,319.02158,8.30
16.11.15,139.00,406.70,309.55359,8.345
17.11.15,140.00,413.80,308.95561,8.40
18.11.15,139.50,407.60,307.65999,8.755
19.11.15,141.00,405.30,310.45056,8.76
20.11.15,142.50,399.90,316.43034,8.57
23.11.15,143.00,397.50,302.7765,8.60
24.11.15,141.50,393.50,285.93343,8.47
25.11.15,139.50,396.50,285.63444,8.29
26.11.15,139.00,396.30,289.42164,8.385
27.11.15,142.50,388.30,295.40143,8.415
30.11.15,146.00,402.30,290.91659,8.62
01.12.15,147.00,408.70,295.60075,8.575
02.12.15,149.50,405.70,302.97582,8.55
03.12.15,148.00,396.40,303.97246,8.52
04.12.15,149.00,390.40,302.47751,8.315
07.12.15,149.00,399.10,309.95224,7.995
08.12.15,147.00,395.00,300.58391,7.50
09.12.15,146.00,401.10,299.18863,7.615
10.12.15,145.50,398.30,298.29166,7.29
11.12.15,141.50,383.30,299.48762,6.78
14.12.15,137.50,376.70,297.49435,5.975
15.12.15,144.00,388.00,306.76302,6.365
16.12.15,145.00,389.00,310.45056,6.25
17.12.15,147.00,389.40,310.45056,5.955
18.12.15,146.00,376.00,307.75965,5.82
21.12.15,148.00,373.80,314.9354,5.82
22.12.15,147.50,373.50,314.73607,5.895
23.12.15,149.00,380.90,317.6263,6.33
28.12.15,150.50,378.50,316.92866,5.91
29.12.15,152.00,383.90,321.91181,6.085
30.12.15,155.00,382.90,322.60945,6.025
04.01.16,152.00,374.80,312.24449,6.31
05.01.16,151.50,372.00,312.34416,6.25
06.01.16,153.00,368.70,298.192,6.03
07.01.16,149.50,351.50,293.60749,5.645
08.01.16,149.50,361.30,301.87953,5.49
11.01.16,155.00,350.10,295.30177,5.215
12.01.16,158.00,354.40,284.1395,4.926
13.01.16,167.00,358.30,282.34556,5.07
14.01.16,165.50,347.70,262.61227,4.85
15.01.16,166.50,344.40,261.31665,4.578
18.01.16,161.00,344.20,259.62238,4.34
19.01.16,169.00,352.60,274.6715,4.67
20.01.16,164.00,328.30,255.63585,4.36
21.01.16,162.00,336.00,261.11732,4.49
22.01.16,165.00,345.00,261.61564,4.764
25.01.16,174.50,339.20,259.22372,4.932
26.01.16,163.50,337.10,247.16449,5.11
27.01.16,164.00,336.70,250.45337,5.07
28.01.16,164.50,333.80,241.1847,5.74
29.01.16,170.50,327.00,261.51597,5.75
01.02.16,170.50,328.70,254.63922,6.145
02.02.16,169.00,323.80,258.92473,5.815
03.02.16,165.50,326.40,246.36718,5.875
04.02.16,162.50,333.10,246.56651,6.25
05.02.16,162.50,335.00,262.81159,6.55
08.02.16,154.00,324.60,249.25741,6.18
09.02.16,156.00,318.40,251.15101,6.14
10.02.16,161.50,321.60,261.31665,6.035
11.02.16,158.00,312.80,261.11732,6.10
12.02.16,159.50,316.00,261.81496,6.255
15.02.16,165.00,325.00,268.09374,6.90
16.02.16,161.50,319.00,265.40284,6.48
17.02.16,163.00,330.10,276.26611,6.77
18.02.16,164.00,334.90,279.05668,6.85
19.02.16,172.50,331.60,271.28296,6.645
22.02.16,179.50,340.40,276.46544,6.76
23.02.16,178.50,335.70,274.47218,6.65
24.02.16,178.50,325.60,268.59205,6.22
25.02.16,184.00,332.40,279.05668,6.36
26.02.16,182.50,335.80,291.01625,6.45
29.02.16,180.00,338.60,286.0331,6.295
01.03.16,184.00,337.10,284.1395,6.52
02.03.16,179.50,336.60,282.54489,6.545
03.03.16,178.50,338.90,296.99604,6.67
04.03.16,188.50,338.00,308.15831,6.94
07.03.16,185.00,332.80,302.57717,7.24
08.03.16,186.50,337.40,299.48762,7.005
09.03.16,188.50,340.10,303.97246,7.01
10.03.16,192.50,340.00,310.35089,6.90
11.03.16,195.50,337.80,306.96235,6.94
14.03.16,197.00,340.40,310.25123,6.83
15.03.16,196.50,338.80,309.45393,6.55
16.03.16,197.50,341.60,313.63978,7.02
17.03.16,194.50,336.00,313.93877,7.03
18.03.16,198.50,333.40,320.91518,6.91
21.03.16,198.50,336.00,322.01148,6.87
22.03.16,201.00,331.90,316.23102,6.825
23.03.16,204.00,329.60,316.92866,6.725
29.03.16,205.50,317.80,305.86605,6.36
30.03.16,206.50,322.00,317.82563,6.42
31.03.16,203.00,311.40,310.45056,6.375
01.04.16,201.50,309.00,317.22765,6.37
04.04.16,204.50,316.20,326.89497,6.22
05.04.16,208.00,310.10,324.90171,5.99
06.04.16,211.00,309.60,344.43567,5.955
07.04.16,206.00,304.40,340.54881,6.02
08.04.16,207.00,307.00,342.94073,6.285
11.04.16,204.00,310.20,340.94747,6.865
12.04.16,205.50,310.70,353.80401,6.87
13.04.16,207.00,322.80,347.82422,7.14
14.04.16,206.50,319.50,346.12995,7.11
15.04.16,204.50,317.00,355.19929,6.96
18.04.16,203.00,320.80,363.96964,6.91
19.04.16,205.00,321.60,368.45448,7.57
20.04.16,204.00,332.90,372.04235,7.70
21.04.16,188.00,344.00,350.01681,7.585
22.04.16,190.50,328.30,353.30569,7.73
25.04.16,190.00,323.10,355.79727,8.125
26.04.16,192.00,324.10,369.25179,8.13
27.04.16,199.50,324.10,377.72315,8.59
28.04.16,199.00,327.90,372.441,8.89
29.04.16,200.00,322.40,369.7501,9.295
02.05.16,199.50,321.40,365.86324,8.79
03.05.16,198.50,319.50,365.1656,8.20
04.05.16,203.00,319.80,353.80401,9.05
06.05.16,206.00,319.20,344.93399,8.99
09.05.16,210.00,318.10,348.62152,8.68
10.05.16,205.00,314.80,348.82085,8.57
11.05.16,218.00,293.00,349.71782,8.59
12.05.16,221.50,290.10,355.79727,8.85
13.05.16,227.00,292.40,344.03702,8.71
18.05.16,226.50,294.50,345.13332,9.00
19.05.16,222.00,289.00,348.72119,8.47
20.05.16,227.00,290.50,347.72456,9.13
23.05.16,230.00,293.70,345.03365,8.86
24.05.16,232.00,299.20,344.13668,8.99
25.05.16,231.50,298.20,344.83433,9.245
26.05.16,244.50,303.50,344.33601,9.08
27.05.16,240.00,303.00,345.63163,8.665
30.05.16,250.00,305.10,343.04039,8.90
31.05.16,251.00,301.70,340.8478,8.755
01.06.16,254.00,295.60,345.53197,8.45
02.06.16,259.00,292.40,346.62826,8.51
03.06.16,256.00,291.80,347.22624,8.85
06.06.16,257.00,295.90,337.45926,9.255
07.06.16,254.00,301.50,344.73466,9.47
08.06.16,256.00,293.50,340.8478,9.80
09.06.16,249.50,288.70,333.37307,9.60
10.06.16,247.00,284.00,328.98789,9.63
13.06.16,244.00,281.60,321.21417,9.175
14.06.16,236.50,276.20,323.00811,9.215
15.06.16,246.50,271.60,324.50305,9.24
16.06.16,235.00,265.60,309.85258,8.69
17.06.16,237.00,273.70,326.29699,9.25
20.06.16,246.50,277.10,342.34275,9.425
21.06.16,252.00,275.00,333.97105,9.165
22.06.16,249.00,275.80,334.86802,9.52
23.06.16,249.40,278.00,342.04376,9.46
24.06.16,243.30,266.70,310.94887,8.95
27.06.16,236.80,257.10,268.09374,8.66
28.06.16,250.60,262.90,285.33546,8.915
29.06.16,255.00,264.60,284.03984,9.15
30.06.16,247.10,263.80,286.73074,9.31
01.07.16,256.30,266.40,279.65466,9.41
04.07.16,250.00,265.80,283.0432,9.45
05.07.16,247.00,261.40,280.05331,9.135
06.07.16,253.50,257.10,279.85398,8.985
07.07.16,256.30,260.30,286.8304,9.30
08.07.16,260.00,263.30,298.9893,9.28
11.07.16,263.00,271.20,306.66336,9.40
12.07.16,261.10,272.50,306.96235,9.40
13.07.16,262.00,272.30,306.16504,9.41
14.07.16,270.00,277.40,304.57043,9.245
15.07.16,262.50,281.10,293.80682,9.18
18.07.16,262.90,278.60,293.70716,9.065
19.07.16,264.50,278.70,293.20884,9.04
20.07.16,262.20,274.00,287.9267,8.58
21.07.16,262.50,289.00,281.34893,8.965
22.07.16,260.80,280.00,282.34556,8.61
25.07.16,258.30,274.00,288.92333,8.28
26.07.16,260.70,275.40,286.43175,8.44
27.07.16,259.00,277.20,289.82029,8.67
28.07.16,259.90,274.10,289.82029,8.355
29.07.16,262.50,274.30,301.97919,8.60
01.08.16,258.00,275.90,294.60412,8.69
02.08.16,261.50,274.00,291.61423,8.60
03.08.16,260.50,271.40,284.23916,8.425
04.08.16,260.30,266.80,313.8391,8.485
05.08.16,259.20,270.00,309.2546,8.715
08.08.16,252.50,276.20,307.06201,8.795
09.08.16,253.50,282.30,321.11451,9.00
10.08.16,253.00,283.80,316.43034,8.89
11.08.16,259.00,285.10,316.82899,8.84
12.08.16,253.30,284.10,321.4135,8.98
15.08.16,227.00,286.90,314.83573,8.975
16.08.16,229.50,287.20,318.22428,9.36
17.08.16,223.50,284.30,306.46403,8.97
18.08.16,221.80,286.60,304.07212,9.385
19.08.16,215.40,287.70,301.77987,9.37
22.08.16,224.00,290.00,312.94213,9.22
23.08.16,228.30,297.20,311.04854,9.16
24.08.16,229.80,295.40,311.54685,9.265
25.08.16,230.70,292.30,306.96235,9.185
26.08.16,228.80,295.00,304.96909,9.23
29.08.16,229.00,292.20,310.94887,9.13
30.08.16,229.90,297.30,307.75965,9.15
31.08.16,230.70,295.80,301.97919,8.765
01.09.16,233.00,296.00,305.86605,8.70
02.09.16,235.30,296.00,312.34416,8.86
05.09.16,235.80,294.90,313.24112,9.00
06.09.16,236.10,292.80,307.95898,8.90
07.09.16,235.50,291.30,303.27481,8.71
08.09.16,233.50,287.70,308.55696,8.64
09.09.16,226.60,285.10,307.16167,8.55
12.09.16,227.90,279.90,301.18189,8.40
13.09.16,224.50,278.60,300.48425,8.145
14.09.16,230.20,275.00,296.99604,8.045
15.09.16,232.00,273.50,295.89974,7.645
16.09.16,238.40,274.70,298.59065,7.765
19.09.16,236.20,277.50,298.9893,7.975
20.09.16,247.00,277.40,296.59739,7.865
21.09.16,244.20,276.50,290.91659,7.83
22.09.16,249.20,272.00,301.87953,8.085
23.09.16,246.80,271.50,298.9893,7.885
26.09.16,233.70,268.00,295.00278,7.695
27.09.16,229.80,263.20,288.12602,7.38
28.09.16,231.30,269.00,294.00615,7.74
29.09.16,231.00,268.40,291.71389,8.18
30.09.16,244.00,265.60,291.61423,8.105
03.10.16,246.20,266.10,291.81356,8.08
04.10.16,248.40,270.00,293.40817,8.245
05.10.16,247.60,270.20,292.11255,8.37
06.10.16,248.50,272.80,281.84725,8.43
07.10.16,247.30,273.00,275.46881,8.345
10.10.16,249.10,273.40,273.57521,8.57
11.10.16,250.10,275.80,279.555,8.41
12.10.16,247.40,266.00,285.73411,8.41
13.10.16,251.50,262.70,284.03984,8.27
14.10.16,252.90,267.00,283.14287,8.34
17.10.16,255.00,268.00,282.2459,8.065
18.10.16,255.00,270.10,284.73748,7.85
19.10.16,258.60,274.50,284.53815,7.94
20.10.16,261.80,274.00,299.28829,7.59
21.10.16,263.90,284.70,298.9893,7.54
24.10.16,265.30,286.80,292.71052,7.37
25.10.16,270.20,290.50,287.02973,7.265
26.10.16,269.10,292.00,284.03984,7.08
27.10.16,273.20,295.20,282.54489,7.37
28.10.16,273.10,297.70,283.14287,7.135
31.10.16,268.20,292.00,277.6614,7.08
01.11.16,270.90,291.20,280.85062,7.195
02.11.16,267.60,287.10,276.26611,6.87
03.11.16,270.00,284.50,279.555,6.89
04.11.16,261.70,284.90,276.16645,6.665
07.11.16,268.30,287.80,278.35904,6.98
08.11.16,270.00,288.10,278.55836,6.94
09.11.16,269.20,303.60,267.59542,6.80
10.11.16,263.30,321.20,272.08026,7.22
11.11.16,263.80,320.00,272.37925,7.15
14.11.16,267.00,319.00,267.79475,6.92
15.11.16,275.90,318.50,268.89104,7.24
16.11.16,257.80,318.70,269.68835,7.81
17.11.16,259.90,314.40,271.88094,7.52
18.11.16,262.50,320.80,267.29643,7.545
21.11.16,263.50,320.10,266.2998,7.74
22.11.16,264.30,319.00,264.90452,7.75
23.11.16,262.90,316.90,262.21362,7.59
24.11.16,265.50,320.00,262.11395,7.505
25.11.16,264.20,319.10,262.71193,7.35
28.11.16,264.50,317.10,259.52271,7.34
29.11.16,266.40,317.70,265.60216,7.11
30.11.16,267.00,315.00,265.30317,7.40
01.12.16,265.00,315.10,260.22035,7.65
02.12.16,262.30,310.70,258.22709,7.96
05.12.16,264.70,314.90,296.99604,8.00
06.12.16,262.50,316.90,295.99941,7.75
07.12.16,260.70,324.10,279.05668,7.725
08.12.16,261.90,327.00,282.04657,7.89
09.12.16,260.60,326.90,283.74085,7.895
12.12.16,263.40,324.80,280.3523,8.19
13.12.16,261.60,320.90,277.26274,8.365
14.12.16,259.70,324.50,274.57184,8.195
15.12.16,259.20,325.00,279.85398,8.155
16.12.16,261.60,327.00,283.44186,8.315
19.12.16,263.50,331.10,280.05331,8.315
20.12.16,260.90,329.30,282.14624,8.23
21.12.16,254.20,333.00,278.25938,8.125
22.12.16,252.70,339.40,279.555,7.96
23.12.16,255.20,338.10,285.03647,8.01
27.12.16,259.30,338.70,282.44523,8.23
28.12.16,258.40,340.90,282.14624,8.495
29.12.16,259.00,341.10,283.84051,8.425
30.12.16,258.10,340.00,286.0331,8.48
02.01.17,257.80,343.80,295.50109,8.79
03.01.17,255.60,347.00,291.81356,9.10
04.01.17,255.50,348.50,295.60075,8.98
05.01.17,241.50,354.30,287.9267,9.005
06.01.17,243.30,352.60,278.65803,8.855
09.01.17,233.50,352.00,270.78464,9.125
10.01.17,232.70,356.30,267.79475,9.345
11.01.17,238.60,358.90,269.88767,9.29
12.01.17,237.50,349.00,269.09037,9.435
13.01.17,235.50,349.00,273.07689,9.44
16.01.17,232.30,341.30,264.4062,9.18
17.01.17,236.50,343.80,267.79475,9.205
18.01.17,238.40,344.90,268.09374,9.155
19.01.17,240.10,346.80,273.97386,8.97
20.01.17,239.80,348.00,274.07353,9.19
23.01.17,240.00,347.80,271.08363,9.22
24.01.17,238.30,352.90,272.08026,9.075
25.01.17,237.60,359.70,279.05668,9.025
26.01.17,237.50,352.20,278.35904,9.01
27.01.17,236.40,350.90,275.16982,9.02
30.01.17,234.30,351.10,269.48902,8.55
31.01.17,233.30,347.60,267.99408,8.61
01.02.17,237.10,348.70,270.78464,8.785
02.02.17,233.60,348.30,266.59879,8.555
03.02.17,236.90,351.40,270.48565,8.73
06.02.17,234.60,344.30,259.22372,8.645
07.02.17,236.40,346.00,259.92136,8.625
08.02.17,239.60,344.20,271.58195,8.40
09.02.17,238.10,321.00,273.37588,8.145
10.02.17,238.70,324.00,280.85062,8.33
13.02.17,238.30,329.90,281.54826,8.24
14.02.17,235.50,328.90,280.85062,8.22
15.02.17,223.00,332.80,280.05331,8.025
16.02.17,221.90,329.20,262.31328,7.925
17.02.17,219.20,326.00,245.17123,7.65
20.02.17,222.60,326.80,247.6628,7.54
21.02.17,222.20,324.50,256.63248,7.995
22.02.17,223.10,322.00,250.35371,7.80
23.02.17,216.60,315.50,250.35371,7.92
24.02.17,217.90,312.40,253.24394,7.72
27.02.17,216.60,314.40,252.34697,7.765
28.02.17,211.90,318.30,261.81496,8.015
01.03.17,217.00,320.90,258.02777,8.16
02.03.17,215.80,324.30,256.73215,7.64
03.03.17,209.90,321.10,256.33349,7.67
06.03.17,211.50,323.80,251.05135,7.49
07.03.17,206.70,322.60,247.96179,7.92
08.03.17,207.20,319.00,246.46685,7.70
09.03.17,211.10,325.50,255.13754,7.41
10.03.17,211.50,327.10,259.12406,7.65
13.03.17,213.60,328.10,261.61564,7.49
14.03.17,210.50,327.10,266.00081,7.22
15.03.17,210.20,327.60,267.19677,7.43
16.03.17,208.50,330.20,270.58532,7.27
17.03.17,208.40,324.50,269.09037,7.165
20.03.17,208.70,325.50,267.3961,7.15
21.03.17,205.70,327.40,261.7153,7.185
22.03.17,203.10,323.10,255.53619,6.875
23.03.17,202.70,326.30,255.13754,6.775
24.03.17,197.30,321.00,254.73888,6.985
27.03.17,192.80,316.60,250.55303,6.87
28.03.17,190.50,327.80,244.9719,6.93
29.03.17,186.10,328.80,241.1847,7.065
30.03.17,188.00,326.00,238.19481,7.32
31.03.17,185.20,330.60,235.70323,7.23
03.04.17,183.70,335.50,238.89245,7.27
04.04.17,180.20,333.20,240.08841,7.25
05.04.17,180.70,336.70,240.18807,7.44
06.04.17,182.10,336.20,236.6002,7.265
07.04.17,184.20,340.00,236.10188,7.315
10.04.17,187.20,340.00,239.19144,7.375
11.04.17,186.30,342.40,234.80626,7.34
12.04.17,188.20,354.90,230.02243,7.615
18.04.17,193.60,330.90,234.10862,7.23
19.04.17,186.80,330.20,234.20829,7.25
20.04.17,189.00,333.00,233.9093,7.23
21.04.17,189.90,324.80,237.89582,7.13
24.04.17,189.40,327.90,235.40424,7.225
25.04.17,196.20,335.60,232.21502,7.295
26.04.17,200.00,322.00,234.20829,7.29
27.04.17,202.90,322.20,244.67291,7.12
28.04.17,203.70,319.20,242.87897,7.26
02.05.17,206.30,317.80,233.70997,7.45
03.05.17,207.50,315.60,230.72008,7.46
04.05.17,205.30,322.40,218.66084,7.355
05.05.17,214.00,321.20,239.09178,7.585
08.05.17,220.20,322.50,237.3975,7.74
09.05.17,222.59793,326.40,232.813,7.70
10.05.17,213.90,326.00,242.57999,7.88
11.05.17,216.30,320.60,231.21839,7.75
12.05.17,219.90,308.20,229.22513,7.75
15.05.17,218.60,314.00,224.4413,7.78
16.05.17,225.00,323.00,224.14231,8.185
18.05.17,223.60,321.40,219.55781,8.08
19.05.17,228.80,324.80,223.24534,8.20
22.05.17,225.80,325.50,218.16253,8.25
23.05.17,229.30,321.20,216.36859,8.225
24.05.17,225.30,323.40,218.66084,8.325
26.05.17,222.60,323.00,224.54096,7.89
29.05.17,220.70,328.00,223.84332,7.85
30.05.17,225.10,323.60,229.22513,7.89
31.05.17,228.70,314.10,226.83322,7.79
01.06.17,231.40,317.70,228.92614,7.95
02.06.17,233.70,318.90,230.72008,7.99
06.06.17,234.00,313.00,234.00896,8.02
07.06.17,222.50,314.30,224.54096,8.01
08.06.17,223.80,306.60,219.65747,7.615
09.06.17,220.90,315.10,221.05276,7.62
12.06.17,221.20,322.80,218.06286,7.73
13.06.17,213.20,315.00,227.73018,7.765
14.06.17,213.90,316.00,234.00896,7.715
15.06.17,212.00,311.30,225.5376,7.51
16.06.17,215.00,312.50,222.04939,7.60
19.06.17,213.20,317.10,225.03928,7.535
20.06.17,226.10,313.60,228.82648,7.35
21.06.17,220.20,315.10,226.43456,7.495
22.06.17,219.40,317.10,225.73692,7.365
23.06.17,218.80,306.50,236.89919,7.51
26.06.17,217.00,301.40,243.17796,7.295
27.06.17,207.20,302.40,235.70323,7.635
28.06.17,207.30,303.00,243.57662,7.615
29.06.17,201.70,305.20,240.78605,7.75
30.06.17,207.10,313.60,242.38066,7.64
03.07.17,202.80,322.00,238.69312,8.025
04.07.17,203.40,321.80,241.78268,8.05
05.07.17,204.30,317.30,241.68302,7.90
06.07.17,200.50,310.70,222.94635,7.85
07.07.17,201.90,306.40,211.88375,7.60
10.07.17,204.80,310.50,208.69453,7.95
11.07.17,197.60,322.90,203.81104,7.945
12.07.17,201.80,328.50,211.78409,8.275
13.07.17,201.80,333.00,180.39021,8.08
14.07.17,198.80,330.90,176.40369,8.255
17.07.17,200.00,330.00,180.58954,8.25
18.07.17,200.20,320.00,184.27707,8.295
19.07.17,201.70,322.80,186.46966,8.305
20.07.17,204.50,318.80,180.09122,8.48
21.07.17,196.20,314.70,182.18415,8.32
24.07.17,197.90,311.90,180.39021,8.615
25.07.17,200.70,310.60,175.10807,8.725
26.07.17,208.20,314.00,178.89526,8.89
27.07.17,205.00,315.10,178.69594,8.99
28.07.17,204.20,315.10,182.38347,9.075
31.07.17,204.50,313.30,192.8481,9.16
01.08.17,209.00,318.80,189.95787,8.975
02.08.17,210.00,317.50,193.34641,9.115
03.08.17,214.50,315.10,189.95787,9.05
04.08.17,219.40,317.40,186.07101,8.965
07.08.17,215.60,319.90,182.08448,9.09
08.08.17,217.00,317.80,182.38347,9.075
09.08.17,218.00,320.90,181.78549,9.115
10.08.17,216.90,317.80,177.10133,9.22
11.08.17,214.10,315.30,172.41716,9.005
14.08.17,218.20,323.70,184.37674,9.09
15.08.17,217.50,318.70,189.65888,8.905
16.08.17,224.40,324.70,199.12687,8.98
17.08.17,221.10,319.00,193.74507,8.86
18.08.17,223.30,315.00,189.16056,8.655
21.08.17,228.40,309.90,192.05079,8.77
22.08.17,227.10,315.00,199.42586,9.00
23.08.17,224.60,317.10,202.31609,8.97
24.08.17,222.60,315.40,196.83462,10.05
25.08.17,221.30,316.00,201.71811,11.44
28.08.17,222.90,315.00,199.02721,11.38
29.08.17,219.40,307.60,197.33294,11.68
30.08.17,220.50,309.10,199.3262,11.82
31.08.17,225.00,317.30,192.8481,12.17
01.09.17,224.50,329.20,193.04742,12.10
04.09.17,225.00,328.30,193.74507,12.20
05.09.17,232.10,332.10,194.34305,12.20
06.09.17,229.50,332.30,197.83125,12.19
07.09.17,227.50,343.00,207.39891,12.10
08.09.17,225.50,347.10,207.49857,12.25
11.09.17,229.70,350.10,208.29588,12.02
12.09.17,228.70,350.20,207.29925,12.29
13.09.17,230.50,345.70,213.27903,12.38
14.09.17,227.40,342.50,232.21502,12.00
15.09.17,227.80,346.60,232.21502,11.90
18.09.17,226.80,363.00,226.93288,11.28
19.09.17,228.40,366.00,227.73018,11.58
20.09.17,227.00,362.00,221.7504,11.44
21.09.17,223.10,364.30,218.7605,11.56
22.09.17,226.20,360.00,224.24198,11.32
25.09.17,226.80,364.30,239.09178,11.17
26.09.17,221.90,361.50,229.22513,11.55
27.09.17,218.70,364.60,230.22176,11.55
28.09.17,222.60,361.60,231.71671,11.30
29.09.17,225.00,356.70,231.21839,10.92
02.10.17,226.80,360.00,235.00559,9.95
03.10.17,233.50,362.20,245.17123,10.53
04.10.17,234.70,362.40,239.39077,10.73
05.10.17,236.10,362.00,231.21839,10.29
06.10.17,231.20,363.10,234.7066,10.32
09.10.17,232.30,357.40,233.11199,10.71
10.10.17,241.10,355.90,230.72008,10.21
11.10.17,240.00,360.00,225.23861,10.31
12.10.17,243.30,362.80,225.23861,10.14
13.10.17,245.10,371.10,227.73018,10.38
16.10.17,243.20,370.60,225.83658,9.82
17.10.17,245.10,363.90,230.22176,10.25
18.10.17,246.70,363.00,234.20829,10.60
19.10.17,248.40,359.00,231.81637,10.28
20.10.17,249.80,373.60,239.19144,10.35
23.10.17,254.40,369.10,239.19144,10.02
24.10.17,247.70,368.40,233.51064,9.79
25.10.17,247.70,378.00,238.19481,10.07
26.10.17,245.50,378.90,232.61368,9.91
27.10.17,244.80,387.70,226.53423,10.30
30.10.17,244.30,388.60,231.21839,9.73
31.10.17,243.70,387.80,230.22176,9.90
01.11.17,244.50,394.00,233.70997,10.01
02.11.17,235.00,391.20,227.43119,9.97
03.11.17,238.20,393.10,228.72681,9.90
06.11.17,241.30,392.00,215.87027,10.00
07.11.17,237.80,383.50,211.28577,10.59
08.11.17,243.80,381.00,194.34305,10.48
09.11.17,233.50,374.60,189.16056,10.67
10.11.17,234.20,374.00,189.85821,10.54
13.11.17,238.30,374.20,181.38684,10.08
14.11.17,233.80,372.00,187.76528,10.18
15.11.17,257.20,368.70,189.35989,9.71
16.11.17,258.70,378.70,196.23664,9.915
17.11.17,249.90,374.70,190.25686,10.01
20.11.17,255.60,378.10,187.1673,9.835
21.11.17,263.00,382.10,189.35989,10.31
22.11.17,260.00,379.10,193.14709,10.08
23.11.17,257.50,376.00,190.45618,10.09
24.11.17,245.60,375.90,186.86831,10.04
27.11.17,244.50,368.30,185.57269,9.895
28.11.17,243.70,370.90,182.98145,9.965
29.11.17,238.40,372.60,183.18078,9.765
30.11.17,243.70,369.90,181.38684,9.77
01.12.17,243.40,365.00,180.39021,10.24
04.12.17,245.20,369.90,173.41379,9.815
05.12.17,247.90,362.00,173.01514,9.30
06.12.17,251.80,360.00,172.81582,8.95
07.12.17,249.50,356.00,170.72289,8.965
08.12.17,245.80,366.10,182.38347,8.74
11.12.17,246.80,369.90,175.60638,9.73
12.12.17,251.50,364.70,182.08448,9.405
13.12.17,257.40,366.40,180.48987,9.12
14.12.17,247.90,370.20,177.49998,9.15
15.12.17,243.40,365.00,177.89863,9.03
18.12.17,244.00,378.50,179.79223,9.04
19.12.17,238.50,382.00,180.39021,9.185
20.12.17,232.80,374.40,174.11144,9.17
21.12.17,235.60,378.80,170.92222,9.51
22.12.17,237.90,377.90,171.42053,9.245
27.12.17,242.70,380.00,173.31413,9.555
28.12.17,246.20,381.80,179.39358,9.535
29.12.17,246.80,376.70,175.40706,9.50
02.01.18,240.80,379.10,190.65551,9.518
03.01.18,234.80,382.70,195.83799,10.015
04.01.18,239.60,381.80,189.26023,9.90
05.01.18,245.00,385.40,227.43119,9.84
08.01.18,236.40,393.60,224.34164,10.15
09.01.18,238.20,391.40,216.26893,10.50
10.01.18,235.40,387.00,213.87701,10.50
11.01.18,234.40,387.90,220.25545,10.75
12.01.18,227.20,390.30,224.24198,10.78
15.01.18,225.80,390.10,218.56118,10.95
16.01.18,224.00,388.10,220.55444,10.75
17.01.18,218.20,376.50,220.35511,10.625
18.01.18,215.20,388.70,217.76387,10.505
19.01.18,216.40,384.00,218.86017,10.52
22.01.18,218.20,384.90,217.26556,10.49
23.01.18,217.40,379.80,225.13894,10.47
24.01.18,210.80,378.60,226.23524,10.49
25.01.18,209.40,376.40,220.6541,10.65
26.01.18,210.80,375.90,234.20829,10.33
29.01.18,205.00,375.30,232.813,10.45
30.01.18,208.00,370.40,228.12884,9.86
31.01.18,209.60,370.50,225.13894,9.86
01.02.18,213.80,371.60,225.33827,10.175
02.02.18,221.20,366.50,232.21502,9.866
05.02.18,220.80,365.40,229.22513,9.78
06.02.18,217.80,361.10,204.11003,9.58
07.02.18,223.60,358.00,199.82452,10.055
08.02.18,232.40,350.70,198.5289,9.094
09.02.18,231.60,348.80,202.81441,8.86
12.02.18,232.20,343.40,199.3262,9.34
13.02.18,240.20,336.60,201.71811,9.028
14.02.18,242.00,340.00,192.94776,9.066
15.02.18,251.20,343.60,183.3801,9.748
16.02.18,257.80,349.00,174.41043,9.60
19.02.18,256.60,347.50,173.21447,9.83
20.02.18,261.40,353.20,171.12154,9.95
21.02.18,271.00,358.60,178.44678,9.944
22.02.18,278.00,361.50,181.33701,9.98
23.02.18,287.80,360.50,177.54981,10.18
26.02.18,283.20,357.80,174.41043,10.285
27.02.18,276.60,355.50,176.40369,10.69
28.02.18,282.00,351.70,178.64611,10.80
01.03.18,281.20,339.50,176.25419,10.42
02.03.18,278.00,327.20,171.81918,10.205
05.03.18,280.00,333.40,170.32424,10.56
06.03.18,285.40,348.40,176.20436,10.845
07.03.18,292.60,346.80,171.02188,10.70
08.03.18,299.60,341.70,172.86565,10.85
09.03.18,301.80,341.80,171.42053,10.845
12.03.18,312.80,341.80,171.47036,10.875
13.03.18,302.00,340.00,176.65284,10.98
14.03.18,300.40,335.40,177.79897,10.905
15.03.18,295.00,333.70,176.40369,10.76
16.03.18,293.40,328.80,173.66295,11.00
19.03.18,296.40,326.00,171.42053,11.30
20.03.18,304.40,327.30,171.02188,11.51
21.03.18,304.00,323.10,169.00,11.945
22.03.18,302.40,320.30,174.00,11.69
23.03.18,305.00,321.10,170.00,11.90
26.03.18,316.00,323.10,164.50,12.095
27.03.18,321.60,331.00,165.90,12.59
28.03.18,321.20,331.10,168.00,12.355
03.04.18,330.00,327.90,170.75,12.76
04.04.18,324.00,318.40,170.05,12.555
05.04.18,327.00,329.00,172.00,13.105
06.04.18,330.60,328.40,175.25,13.74
09.04.18,332.80,322.80,176.00,13.425
10.04.18,341.20,321.90,173.40,13.395
11.04.18,342.80,321.00,179.30,13.49
12.04.18,346.00,318.70,264.00,13.70
13.04.18,352.20,326.80,265.00,14.075
16.04.18,355.40,325.20,290.00,14.02
17.04.18,360.60,327.70,288.00,14.81
18.04.18,375.00,330.90,305.20,15.14
19.04.18,365.00,336.70,299.70,15.42
20.04.18,365.60,327.70,299.90,15.495
23.04.18,373.20,324.00,281.30,15.10
24.04.18,376.40,325.00,273.90,15.945
25.04.18,383.40,324.60,263.40,15.45
26.04.18,392.80,339.70,310.00,15.705
27.04.18,403.20,335.90,300.00,15.465
30.04.18,375.00,339.00,303.00,14.96
02.05.18,381.40,350.00,303.50,14.935
03.05.18,386.60,342.20,300.70,15.08
04.05.18,391.20,340.00,270.70,14.66
07.05.18,402.40,342.40,283.00,15.03
08.05.18,399.80,346.90,294.70,14.64
09.05.18,391.20,341.60,282.50,15.08
11.05.18,389.20,334.00,282.10,15.335
14.05.18,389.20,337.80,280.60,15.28
15.05.18,380.00,345.00,272.40,15.34
16.05.18,363.80,348.20,270.60,15.41
18.05.18,372.40,345.00,250.50,16.23
22.05.18,351.80,338.60,273.50,16.35
23.05.18,357.60,337.90,263.40,16.03
24.05.18,363.00,345.00,266.70,15.775
25.05.18,354.00,341.20,264.30,14.80
28.05.18,358.80,345.50,260.50,14.85
29.05.18,355.40,340.70,252.40,15.08
30.05.18,355.60,342.80,252.50,15.515
31.05.18,357.00,337.20,254.70,15.905
01.06.18,350.20,344.30,252.40,16.24
04.06.18,356.60,344.70,252.00,15.715
05.06.18,346.00,344.50,245.20,15.325
06.06.18,332.20,342.60,246.00,15.42
07.06.18,336.60,355.00,245.00,15.47
08.06.18,345.80,358.00,243.30,15.19
11.06.18,344.20,361.10,245.30,15.125
12.06.18,348.80,358.60,247.30,14.975
13.06.18,357.80,353.30,237.80,14.97
14.06.18,352.60,346.30,245.80,14.99
15.06.18,358.60,346.20,248.80,14.285
18.06.18,351.40,343.50,274.00,14.425
19.06.18,353.40,345.20,288.00,14.16
20.06.18,345.60,342.90,274.40,14.11
21.06.18,347.40,339.00,274.00,13.80
22.06.18,348.60,335.00,269.20,14.345
25.06.18,341.80,332.00,255.20,13.97
26.06.18,345.40,329.70,248.20,14.685
27.06.18,345.00,337.00,245.20,15.23
28.06.18,345.00,336.90,245.00,15.17
29.06.18,341.80,338.00,248.40,15.07
02.07.18,344.00,334.60,244.00,14.97
03.07.18,343.00,333.00,242.10,15.24
04.07.18,347.20,328.70,243.20,14.895
05.07.18,356.00,324.90,240.00,15.005
06.07.18,360.20,321.50,238.00,14.575
09.07.18,362.20,323.50,240.70,15.22
10.07.18,362.00,326.00,240.40,15.87
11.07.18,359.00,321.70,238.90,15.555
12.07.18,362.20,322.80,243.50,15.64
13.07.18,362.80,319.90,247.10,15.50
16.07.18,363.80,318.60,245.30,15.35
17.07.18,369.40,333.00,237.50,16.025
18.07.18,371.60,345.00,238.40,15.315
19.07.18,372.60,346.60,240.80,15.425
20.07.18,372.40,342.90,239.00,15.485
23.07.18,373.80,343.10,235.30,15.285
24.07.18,374.00,346.00,234.30,15.425
25.07.18,385.40,353.50,234.50,15.34
26.07.18,386.20,359.50,237.00,15.61
27.07.18,389.80,365.70,235.50,15.87
30.07.18,392.80,366.10,235.70,16.00
31.07.18,416.20,359.90,238.50,17.275
01.08.18,418.20,355.20,237.90,17.67
02.08.18,435.00,357.50,234.00,17.465
03.08.18,417.20,363.40,236.80,17.45
06.08.18,428.60,358.00,237.80,17.625
07.08.18,425.20,363.50,240.30,18.345
08.08.18,437.80,368.90,242.90,18.07
09.08.18,430.60,371.00,239.20,18.015
10.08.18,417.40,363.50,238.10,18.02
13.08.18,413.40,364.90,239.20,18.42
14.08.18,421.20,363.00,253.00,18.50
15.08.18,411.60,358.30,246.80,18.75
16.08.18,417.80,360.40,247.90,18.57
17.08.18,424.00,365.00,249.00,17.305
20.08.18,428.00,373.30,259.10,17.275
21.08.18,421.60,373.90,258.00,17.19
22.08.18,425.60,374.90,262.80,17.17
23.08.18,410.00,372.90,267.40,17.105
24.08.18,399.00,378.00,267.30,17.28
27.08.18,400.40,385.00,265.70,17.17
28.08.18,400.00,396.00,264.60,16.445
29.08.18,403.00,394.80,266.60,16.515
30.08.18,404.00,392.90,262.80,16.475
31.08.18,404.20,386.00,261.90,16.265
03.09.18,407.40,386.90,273.90,16.53
04.09.18,407.40,380.20,268.10,16.335
05.09.18,409.80,376.10,269.60,15.81
06.09.18,406.00,378.50,266.80,15.575
07.09.18,398.80,378.00,264.70,15.325
10.09.18,406.20,377.60,268.10,15.19
11.09.18,405.60,374.00,266.50,15.35
12.09.18,410.20,372.00,264.40,15.615
13.09.18,409.00,374.10,261.60,15.48
14.09.18,411.60,373.90,264.50,15.29
17.09.18,412.60,377.40,262.60,15.285
18.09.18,417.40,379.70,257.50,15.215
19.09.18,409.60,382.10,258.20,15.70
20.09.18,414.80,388.80,257.50,15.45
21.09.18,404.00,388.40,256.10,15.47
24.09.18,414.80,387.40,256.80,16.20
25.09.18,415.00,395.20,248.10,16.21
26.09.18,409.40,391.00,246.80,16.685
27.09.18,408.60,390.90,245.30,16.725
28.09.18,406.20,399.70,245.00,16.825
01.10.18,426.60,403.20,233.40,17.215
02.10.18,438.20,402.20,226.70,17.255
03.10.18,446.00,402.90,225.00,17.15
04.10.18,438.00,401.00,213.70,16.825
05.10.18,434.00,396.40,207.50,16.77
08.10.18,434.20,393.20,197.40,16.10
09.10.18,423.80,390.70,211.40,16.70
10.10.18,419.00,393.00,201.80,16.41
11.10.18,417.20,383.40,199.00,15.45
12.10.18,429.40,387.80,200.00,15.56
15.10.18,433.40,387.20,201.20,16.28
16.10.18,439.80,394.00,189.40,16.735
17.10.18,435.40,389.00,201.60,16.725
18.10.18,431.60,368.20,190.00,15.87
19.10.18,441.20,375.00,187.15,16.565
22.10.18,428.20,368.30,176.15,15.855
23.10.18,428.00,352.50,172.80,15.035
24.10.18,425.00,353.50,181.75,15.18
25.10.18,430.00,353.30,211.80,15.27
26.10.18,427.20,349.20,221.60,14.77
29.10.18,432.00,352.20,218.20,15.385
30.10.18,429.00,350.60,213.40,15.995
31.10.18,445.00,362.70,215.00,16.23
01.11.18,444.40,367.20,215.00,15.82
02.11.18,449.00,375.20,223.00,15.985
05.11.18,453.00,369.90,226.40,16.24
06.11.18,454.60,376.50,229.90,16.20
07.11.18,449.60,381.10,228.10,16.325
08.11.18,455.40,379.30,230.50,15.91
09.11.18,505.00,380.00,231.00,15.54
12.11.18,488.20,381.70,219.80,15.975
13.11.18,509.50,381.50,226.40,14.325
14.11.18,510.00,356.50,222.00,14.505
15.11.18,492.40,358.30,212.60,14.005
16.11.18,487.00,355.60,217.30,14.455
19.11.18,492.00,343.00,205.00,14.005
20.11.18,473.00,336.10,197.15,13.31
21.11.18,484.20,341.80,202.50,13.795
22.11.18,467.60,341.80,203.60,13.53
23.11.18,465.20,341.80,205.10,12.965
26.11.18,466.00,351.50,216.60,13.42
27.11.18,465.40,350.30,217.00,13.52
28.11.18,468.00,346.30,210.10,13.99
29.11.18,488.00,348.00,216.60,14.575
30.11.18,484.60,345.30,216.50,14.43
03.12.18,479.40,354.00,221.00,15.33
04.12.18,487.60,355.20,212.20,15.195
05.12.18,475.80,348.10,213.20,15.035
06.12.18,467.60,332.80,180.45,14.15
07.12.18,470.00,337.60,191.70,14.85
10.12.18,468.60,332.00,188.75,14.11
11.12.18,463.00,345.20,194.00,14.18
12.12.18,465.00,351.40,199.05,14.535
13.12.18,465.00,347.20,207.60,14.14
